ABLON SUR SEINE,info@ablon-sur-seine.fr,Val-de-Marne
ALFORTVILLE,secretariat.dg@mairie-alfortville.fr,Val-de-Marne
ARCUEIL,mairie@mairie-arcueil.fr,Val-de-Marne
BOISSY SAINT LEGER,info@ville-boissy-saint-leger.fr,Val-de-Marne
BONNEUIL SUR MARNE,contact@ville-bonneuil.fr,Val-de-Marne
BRY SUR MARNE,mairie@bry94.fr,Val-de-Marne
CACHAN,secretariat.maire@ville-cachan.fr,Val-de-Marne
CHAMPIGNY SUR MARNE,secrt.general@mairie-champigny94.fr,Val-de-Marne
CHARENTON LE PONT,communication@charenton.fr,Val-de-Marne
CHENNEVIERES SUR MARNE,webmestre@villechennevieres.fr,Val-de-Marne
CHEVILLY LARUE,cabinetmaire@ville-chevilly-larue.fr,Val-de-Marne
CHOISY LE ROI,choisywebmaster@ville-choisy-le-roi.fr,Val-de-Marne
CRETEIL,le-depute-maire@ville-creteil.fr,Val-de-Marne
FONTENAY SOUS BOIS,dircom@fontenay-sous-bois.fr,Val-de-Marne
FRESNES,webmaster@fresnes94.fr,Val-de-Marne
GENTILLY,contact@ville-gentilly.fr,Val-de-Marne
IVRY SUR SEINE,,Val-de-Marne
JOINVILLE LE PONT,contact@ville-joinville-le-pont.fr,Val-de-Marne
LA QUEUE EN BRIE,maire@laqueueenbrie.fr,Val-de-Marne
LE KREMLIN BICETRE,contact@ville-kremlin-bicetre.fr,Val-de-Marne
LE PERREUX SUR MARNE,communication.perreux@wanadoo.fr,Val-de-Marne
LE PLESSIS TREVISE,admgenerale@leplessistrevise.fr,Val-de-Marne
L HAY LES ROSES,info.com@ville-lhay94.fr,Val-de-Marne
LIMEIL BREVANNES,contact@limeil-brevannes.fr,Val-de-Marne
MAISONS ALFORT,ville@maisons-alfort.fr,Val-de-Marne
MANDRES LES ROSES,service.communication@ville-mandres-les-roses.fr,Val-de-Marne
MAROLLES EN BRIE,cabinet-maire@mairie-marolles.fr,Val-de-Marne
NOGENT SUR MARNE,jacques.jp.martin@ville-nogentsurmarne.fr,Val-de-Marne
NOISEAU,mairie-de-noiseau@wanadoo.fr,Val-de-Marne
ORLY,contact@ville-orly.fr,Val-de-Marne
ORMESSON SUR MARNE,ccas@ville-ormesson-sur-marne.fr,Val-de-Marne
PERIGNY SUR YERRES,mairie@perigny-sur-yerres.org,Val-de-Marne
RUNGIS,,Val-de-Marne
SAINT MANDE,secretariat-particulier@mairie-saint-mande.fr,Val-de-Marne
SAINT MAUR DES FOSSES,webmaster@mairie-st-maur.com,Val-de-Marne
SAINT MAURICE,,Val-de-Marne
SANTENY,mairie@mairie-santeny.fr,Val-de-Marne
SUCY EN BRIE,ServiceCommunication@ville-sucy.fr,Val-de-Marne
THIAIS,contact@ville-thiais.fr,Val-de-Marne
VALENTON,cleduey@ville-valenton.fr,Val-de-Marne
VILLECRESNES,cabinet.du.maire@villecresnes.fr,Val-de-Marne
VILLEJUIF,mairie@ville-villejuif.fr,Val-de-Marne
VILLENEUVE LE ROI,infovilleneuve@ville-villeneuve-le-roi.fr,Val-de-Marne
VILLENEUVE SAINT GEORGES,catherine.guerin@wanadoo.fr,Val-de-Marne
VILLIERS SUR MARNE,contact@mairie-villiers94.com,Val-de-Marne
VINCENNES,vincennes@vincennes.fr,Val-de-Marne
VITRY SUR SEINE,infovitry@mairie-vitry94.fr,Val-de-Marne
ABLON SUR SEINE,info@ablon-sur-seine.fr,Val-de-Marne
ALFORTVILLE,secretariat.dg@mairie-alfortville.fr,Val-de-Marne
ARCUEIL,mairie@mairie-arcueil.fr,Val-de-Marne
BOISSY SAINT LEGER,info@ville-boissy-saint-leger.fr,Val-de-Marne
BONNEUIL SUR MARNE,contact@ville-bonneuil.fr,Val-de-Marne
BRY SUR MARNE,mairie@bry94.fr,Val-de-Marne
CACHAN,secretariat.maire@ville-cachan.fr,Val-de-Marne
CHAMPIGNY SUR MARNE,secrt.general@mairie-champigny94.fr,Val-de-Marne
CHARENTON LE PONT,communication@charenton.fr,Val-de-Marne
CHENNEVIERES SUR MARNE,webmestre@villechennevieres.fr,Val-de-Marne
CHEVILLY LARUE,cabinetmaire@ville-chevilly-larue.fr,Val-de-Marne
CHOISY LE ROI,choisywebmaster@ville-choisy-le-roi.fr,Val-de-Marne
CRETEIL,le-depute-maire@ville-creteil.fr,Val-de-Marne
FONTENAY SOUS BOIS,dircom@fontenay-sous-bois.fr,Val-de-Marne
FRESNES,webmaster@fresnes94.fr,Val-de-Marne
GENTILLY,contact@ville-gentilly.fr,Val-de-Marne
IVRY SUR SEINE,,Val-de-Marne
JOINVILLE LE PONT,contact@ville-joinville-le-pont.fr,Val-de-Marne
LA QUEUE EN BRIE,maire@laqueueenbrie.fr,Val-de-Marne
LE KREMLIN BICETRE,contact@ville-kremlin-bicetre.fr,Val-de-Marne
LE PERREUX SUR MARNE,communication.perreux@wanadoo.fr,Val-de-Marne
LE PLESSIS TREVISE,admgenerale@leplessistrevise.fr,Val-de-Marne
L HAY LES ROSES,info.com@ville-lhay94.fr,Val-de-Marne
LIMEIL BREVANNES,contact@limeil-brevannes.fr,Val-de-Marne
MAISONS ALFORT,ville@maisons-alfort.fr,Val-de-Marne
MANDRES LES ROSES,service.communication@ville-mandres-les-roses.fr,Val-de-Marne
MAROLLES EN BRIE,cabinet-maire@mairie-marolles.fr,Val-de-Marne
NOGENT SUR MARNE,jacques.jp.martin@ville-nogentsurmarne.fr,Val-de-Marne
NOISEAU,mairie-de-noiseau@wanadoo.fr,Val-de-Marne
ORLY,contact@ville-orly.fr,Val-de-Marne
ORMESSON SUR MARNE,ccas@ville-ormesson-sur-marne.fr,Val-de-Marne
PERIGNY SUR YERRES,mairie@perigny-sur-yerres.org,Val-de-Marne
RUNGIS,,Val-de-Marne
SAINT MANDE,secretariat-particulier@mairie-saint-mande.fr,Val-de-Marne
SAINT MAUR DES FOSSES,webmaster@mairie-st-maur.com,Val-de-Marne
SAINT MAURICE,,Val-de-Marne
SANTENY,mairie@mairie-santeny.fr,Val-de-Marne
SUCY EN BRIE,ServiceCommunication@ville-sucy.fr,Val-de-Marne
THIAIS,contact@ville-thiais.fr,Val-de-Marne
VALENTON,cleduey@ville-valenton.fr,Val-de-Marne
VILLECRESNES,cabinet.du.maire@villecresnes.fr,Val-de-Marne
VILLEJUIF,mairie@ville-villejuif.fr,Val-de-Marne
VILLENEUVE LE ROI,infovilleneuve@ville-villeneuve-le-roi.fr,Val-de-Marne
VILLENEUVE SAINT GEORGES,catherine.guerin@wanadoo.fr,Val-de-Marne
VILLIERS SUR MARNE,contact@mairie-villiers94.com,Val-de-Marne
VINCENNES,vincennes@vincennes.fr,Val-de-Marne
VITRY SUR SEINE,infovitry@mairie-vitry94.fr,Val-de-Marne
ANTONY,webmaster@ville-antony.fr,Hauts-de-Seine
ASNIERES SUR SEINE,info@ville-asnieressurseine.fr,Hauts-de-Seine
BAGNEUX,contact@mairie-bagneux.fr,Hauts-de-Seine
BOIS COLOMBES,bois-colombes@bois-colombes.com,Hauts-de-Seine
BOULOGNE BILLANCOURT,sce.communication@mairie-boulogne-billancourt.fr,Hauts-de-Seine
BOURG LA REINE,mairie@bourg-la-reine.fr,Hauts-de-Seine
CHATENAY MALABRY,infos@chatenay-malabry.fr,Hauts-de-Seine
CHATILLON,webmaster@ville-chatillon.fr,Hauts-de-Seine
CHAVILLE,jean-levain@ville-chaville.fr,Hauts-de-Seine
CLAMART,mairie@clamart.fr,Hauts-de-Seine
CLICHY LA GARENNE,info@ville-clichy.fr ,Hauts-de-Seine
COLOMBES,courrier@mairie-colombes.fr,Hauts-de-Seine
COURBEVOIE,courbevoie@ville-courbevoie.fr,Hauts-de-Seine
FONTENAY AUX ROSES,mairie@fontenay-aux-roses.fr,Hauts-de-Seine
GARCHES,info@ville-garches.fr,Hauts-de-Seine
GENNEVILLIERS,contact@ville-gennevilliers.fr,Hauts-de-Seine
ISSY LES MOULINEAUX,iris@ville-issy.fr,Hauts-de-Seine
LA GARENNE COLOMBES,infomairie@lagarennecolombes.fr,Hauts-de-Seine
LE PLESSIS ROBINSON,mairie-plessis-robinson@wanadoo.fr,Hauts-de-Seine
LEVALLOIS PERRET,votre.maire@ville-levallois.fr,Hauts-de-Seine
MALAKOFF,mairie@ville-malakoff.fr,Hauts-de-Seine
MARNES LA COQUETTE,mairiedemarnes@wanadoo.fr,Hauts-de-Seine
MEUDON,accueil@mairie-meudon.fr,Hauts-de-Seine
MONTROUGE,jean-loup.metton@ville-montrouge.fr,Hauts-de-Seine
NANTERRE,etat.civil@mairie-nanterre.fr,Hauts-de-Seine
NEUILLY SUR SEINE,accueil-standard@ville-neuillysurseine.fr,Hauts-de-Seine
PUTEAUX,info@mairie-puteaux.fr,Hauts-de-Seine
RUEIL MALMAISON,info@mairie-rueilmalmaison.fr,Hauts-de-Seine
SAINT CLOUD,direction-generale@saintcloud.fr,Hauts-de-Seine
SCEAUX,sceauxinfomairie@sceaux.fr,Hauts-de-Seine
SEVRES,mairie@ville-sevres.fr,Hauts-de-Seine
SURESNES,webmestre@ville-suresnes.fr,Hauts-de-Seine
VANVES,servicesmunicipaux@ville-vanves.fr,Hauts-de-Seine
VAUCRESSON,mairie@mairie-vaucresson.fr,Hauts-de-Seine
VILLE D AVRAY,info@mairie-villedavray.fr,Hauts-de-Seine
VILLENEUVE LA GARENNE,contact@villeneuve92.com,Hauts-de-Seine
AUBERVILLIERS,secretariat-general@mairie-Aubervilliers.fr,Seine-Saint-Denis
AULNAY SOUS BOIS,comexterne@aulnay-sous-bois.com,Seine-Saint-Denis
BAGNOLET,mairie@ville-bagnolet.fr,Seine-Saint-Denis
BOBIGNY,comtown@comtown.com,Seine-Saint-Denis
BONDY,cab-maire@ville-bondy.fr,Seine-Saint-Denis
CLICHY SOUS BOIS,webmaster@ville-clichy-sous-bois.fr,Seine-Saint-Denis
COUBRON,cabinet.maire@coubron.fr ,Seine-Saint-Denis
DRANCY,maire@drancy.fr,Seine-Saint-Denis
DUGNY,cabmaire@mairie-dugny.fr,Seine-Saint-Denis
EPINAY SUR SEINE,communication@mairie-epinay93.fr,Seine-Saint-Denis
GAGNY,info@mairie-gagny.fr,Seine-Saint-Denis
GOURNAY SUR MARNE,c.gonnet@gournay-sur-marne.fr,Seine-Saint-Denis
LA COURNEUVE,maire@ville-la-courneuve.fr,Seine-Saint-Denis
LE BLANC MESNIL,lemensuel@ville-blanc-mesnil.fr,Seine-Saint-Denis
LE BOURGET,service.communication@ville-lebourget.fr,Seine-Saint-Denis
LE PRE SAINT GERVAIS,communication@ville-du-pre-saint-gervais.fr,Seine-Saint-Denis
LE RAINCY,leraincy@leraincy.com,Seine-Saint-Denis
LES LILAS,ville@leslilas.fr,Seine-Saint-Denis
LES PAVILLONS SOUS BOIS,mairie@ville-pavillons-sous-bois.fr,Seine-Saint-Denis
L ILE SAINT DENIS,mairie@lile-saint-denis.fr,Seine-Saint-Denis
LIVRY GARGAN,courriermaire@ville-de-livry-gargan.fr,Seine-Saint-Denis
MONTFERMEIL,elus@ville-montfermeil.fr,Seine-Saint-Denis
MONTREUIL,site.internet@montreuil93.net,Seine-Saint-Denis
NEUILLY PLAISANCE,contact@mairie-neuillyplaisance.com,Seine-Saint-Denis
NEUILLY SUR MARNE,mairie.neuilly.marne@wanadoo.fr,Seine-Saint-Denis
NOISY LE GRAND,mairie@ville-noisylegrand.fr,Seine-Saint-Denis
NOISY LE SEC,maire@noisylesec.fr,Seine-Saint-Denis
PANTIN,,Seine-Saint-Denis
PIERREFITTE SUR SEINE,mairie@mairie-pierrefitte-sur-seine.fr,Seine-Saint-Denis
ROMAINVILLE,courrier@ville-romainville.fr,Seine-Saint-Denis
ROSNY SOUS BOIS,courrier@mairie-rosny-sous-bois.fr,Seine-Saint-Denis
SAINT DENIS,mairie.saint.denis@ville-saint-denis.fr,Seine-Saint-Denis
SAINT OUEN,etat-civil@mairie-saint-ouen.fr,Seine-Saint-Denis
SEVRAN,grp_accueil@ville-sevran.fr,Seine-Saint-Denis
STAINS,courrier@stains.fr,Seine-Saint-Denis
TREMBLAY EN FRANCE,services@tremblayenfrance.fr,Seine-Saint-Denis
VAUJOURS,contact@ville-vaujours.fr,Seine-Saint-Denis
VILLEMOMBLE,secretariat-general@mairie-villemomble.fr,Seine-Saint-Denis
VILLEPINTE,mairie@ville-villepinte.fr,Seine-Saint-Denis
VILLETANEUSE,communication@mairie-villetaneuse.fr,Seine-Saint-Denis
